#pos_x,#pos_y,#pos_z,#vel_x,#vel_y,#vel_z,#weight,#mass,#charge_number,#species
1.01,2.01,2.99,1,1,-1,1.00E+08,1E-26,-1.60218E-19,e-
1.11,1.99,3.01,1,-1,1,1.00E+08,1E-26,-1.60218E-19,e-
1.21,2.01,2.99,1,1,-1,1.00E+08,1E-26,-1.60218E-19,e-
1.31,1.99,3.01,1,-1,1,1.00E+08,1E-26,-1.60218E-19,e-
1.41,2.01,2.99,1,1,-1,1.00E+08,1E-26,-1.60218E-19,e-
1.51,1.99,3.01,1,-1,1,1.00E+08,1E-26,-1.60218E-19,e-
