x_coord,y_coord,z_coord,x_vel,y_vel,z_vel,weight
-0.5,-0.5,-0.5,-1,-2,-3,0.624150913e+19
-0.4,-0.4,-0.4,40,50,30,0.624150913e+19
-0.3,-0.3,-0.3,1.0e+11,3.0e+12,4.0e+14,0.624150913e+19
-0.2,-0.2,-0.2,0,0,0,0.624150913e+19
-0.1,-0.1,-0.1,0,0,0,0.624150913e+19
